Fixed Annuity Rates,,,,,,,,,,,,,,,,,,,,,,,,,,,,,,,,,,,
"Each row displays an individual rate set for a specific product (e.g., rates for X product for 100K+, rates only available in Y states)",,,,,,,,,,,,,,,,,,,,,,,,,,,,,,,,,,,
,,,,,,,,,,,,,,,,,,,,,,,,,,,,,,,,,,,
Notes,,,,,,,,,,,,,,,,,,,,,,,,,,,,,,,,,,,
,Guarantee Period and Rates (Columns Y:AH) are linked directly to Crump summary table - hardcoded inputs are denoted in blue font ,,,,,,,,,,,,,,,,,,,,,,,,,,,,,,,,,,
,,,,,,,,,,,,,,,,,,,,,,,,,,,,,,,,,,,
,,,,,,,,,,,,,,,,,,,,,,,Max rate,-,-,2.35%,2.25%,2.80%,2.60%,2.75%,2.30%,2.50%,2.85%,,
,,,Rating,,,,,,,,,,Issue Age ,,,,Premiums,,,,Free withdrawals,,,Guarantee Period and Rates ,,,,,,,,,,,
,Index,Company,AM Best,S&P,Fitch ,Moody's,Comdex,Product,Type ,Rate Type ,ROP,MVA,Min ,Max,Comments ,,Min,Max,Comments ,,Percent,Comments ,States Excluded,1,2,3,4,5,6,7,8,9,10,1st Year Bonus,Comments 
,1,AIG,A+,A+,A+,A2,80,American Pathway VisionMYG,SPDA,<$100K,N,Yes - Initial rate term,0,85,,,"$10,000","$1,000,000",,,15%,,NY, ,,,1.95%,2.05%,2.05%,2.05%,,,2.05%,,
,2,AIG,A+,A+,A+,A2,80,American Pathway VisionMYG,SPDA,$100K+,N,Yes - Initial rate term,0,85,,,"$10,000","$1,000,000",,,15%,,NY, ,,,2.25%,2.35%,2.35%,2.35%,,,2.30%,,
,3,AIG,A+,A+,A+,A2,80,Assured Edge Income Achiever,SPDA,<$100K,N,Yes,50,80,,,"$25,000","$1,000,000",,,10%,,NY, ,,,,,,,,,1.00%,,
,4,AIG,A+,A+,A+,A2,80,Assured Edge Income Achiever,SPDA,$100K+,N,Yes,50,80,,,"$25,000","$1,000,000",,,10%,,NY, ,,,,,,,,,1.00%,,
,5,AIG,A,A+,-,-,81,Am. Pathway Solutions MYG,SPDA,<$100K,N,Yes,30,85,,,"$10,000","$1,000,000",,,15%,After 1st year ,"AK, AL, AR, AZ, CA, CO, CT, DE, FL, GA, HI, IA, ID, IL, IN, KS, KY, LA, MA, MD, ME, MI, MN, MO, MS, MT, NC, ND, NE, NH, NJ, NM, NV, OH, OK, OR, PA, RI, SC, SD, TN, TX, UT, VA, VT, WA, WI, WV, WY", ,,,,2.30%,2.30%,2.30%,,,,,
,6,AIG,A,A+,-,-,81,Am. Pathway Solutions MYG,SPDA,$100K+,N,Yes,30,85,,,"$10,000","$1,000,000",,,15%,After 1st year ,"AK, AL, AR, AZ, CA, CO, CT, DE, FL, GA, HI, IA, ID, IL, IN, KS, KY, LA, MA, MD, ME, MI, MN, MO, MS, MT, NC, ND, NE, NH, NJ, NM, NV, OH, OK, OR, PA, RI, SC, SD, TN, TX, UT, VA, VT, WA, WI, WV, WY", ,,,,2.60%,2.60%,2.60%,,,,,
,7,AIG,A+,A+,A+,A2,80,Assured Edge Income Achiever,SPDA,<$100K,N,Yes - Through 5th year,50,80,,,"$25,000","$1,000,000",,,10%,,"AK, AL, AR, AZ, CA, CO, CT, DE, FL, GA, HI, IA, ID, IL, IN, KS, KY, LA, MA, MD, ME, MI, MN, MO, MS, MT, NC, ND, NE, NH, NJ, NM, NV, OH, OK, OR, PA, RI, SC, SD, TN, TX, UT, VA, VT, WA, WI, WV, WY", ,,,,,,,,,1.00%,,
,8,AIG,A+,A+,A+,A2,80,Assured Edge Income Achiever,SPDA,$100K+,N,Yes - Through 5th year,50,80,,,"$25,000","$1,000,000",,,10%,,"AK, AL, AR, AZ, CA, CO, CT, DE, FL, GA, HI, IA, ID, IL, IN, KS, KY, LA, MA, MD, ME, MI, MN, MO, MS, MT, NC, ND, NE, NH, NJ, NM, NV, OH, OK, OR, PA, RI, SC, SD, TN, TX, UT, VA, VT, WA, WI, WV, WY", ,,,,,,,,,1.00%,,
,9,American National,A+,A,-,-,78,Palladium Multi-Year Guarantee,SPDA,<$100K,N,Yes - If surrender charges incurred,0,85,,,"$5,000","$1,000,000",,,10%,"Limited to interest in first year, 10% after","NY, UT", ,,,,1.95%,2.05%,2.29%,2.20%,2.27%,2.30%,x,"Annuity provides 1st year bronus, the Guarantee Period and Rates fields leverage effective yields — (5YR: Base - 1.75%, 1st YR - 2.75%; 6YR: Base / 1st YR - 2.05%; 7YR: Base - 2.15%, 1st YR - 3.15%; 8YR: Base / 1st YR - 2.20%; 9YR: Base - 2.05%, 1st YR - 4.05%; 10YR: Base - 2.20%, 1st YR - 3.20%"
,10,American National,A+,A,-,-,78,Palladium Multi-Year Guarantee,SPDA,$100K+,N,Yes - If surrender charges incurred,0,85,,,"$5,000","$1,000,000",,,10%,"Limited to interest in first year, 10% after","NY, UT", ,,,,2.05%,2.15%,2.39%,2.30%,2.37%,2.40%,x,"Annuity provides 1st year bronus, the Guarantee Period and Rates fields leverage effective yields  — (5YR: Base - 1.85%, 1st YR - 2.85%; 6YR: Base / 1st YR - 2.15%; 7YR: Base - 2.25%, 1st YR - 3.25%; 8YR: Base / 1st YR - 2.30%; 9YR: Base - 2.15%, 1st YR - 4.15%; 10YR: Base - 2.30%, 1st YR - 3.30%"
,11,American National,A+,A,-,-,78,Palladium Multi-Year Guarantee,SPDA,<$100K,N,No,30,85,,,"$5,000","$1,000,000",,,10%,"Limited to interest in first year, 10% after","AK, AL, AR, AZ, CA, CO, CT, DE, FL, GA, HI, IA, ID, IL, IN, KS, KY, LA, MA, MD, ME, MI, MN, MO, MS, MT, NC, ND, NE, NH, NJ, NM, NV, OH, OK, OR, PA, RI, SC, SD, TN, TX, UT, VA, VT, WA, WI, WV, WY", ,,,,1.25%,1.35%,1.39%,,,1.40%,x,"Annuity provides 1st year bronus, the Guarantee Period and Rates fields leverage effective yields — (5YR: Base - 1.05%, 1st YR - 2.05%; 6YR: Base / 1st YR - 1.35%; 7YR: Base - 1.25%, 1st YR - 2.25%; 10YR: Base - 1.30%, 1st YR - 2.30%"
,12,American National,A+,A,-,-,78,Palladium Multi-Year Guarantee,SPDA,$100K+,N,No,30,85,,,"$5,000","$1,000,000",,,10%,"Limited to interest in first year, 10% after","AK, AL, AR, AZ, CA, CO, CT, DE, FL, GA, HI, IA, ID, IL, IN, KS, KY, LA, MA, MD, ME, MI, MN, MO, MS, MT, NC, ND, NE, NH, NJ, NM, NV, OH, OK, OR, PA, RI, SC, SD, TN, TX, UT, VA, VT, WA, WI, WV, WY", ,,,,1.35%,1.45%,1.49%,,,1.50%,x,"Annuity provides 1st year bronus, the Guarantee Period and Rates fields leverage effective yields — (5YR: Base - 1.15%, 1st YR - 2.15%; 6YR: Base / 1st YR - 1.45%; 7YR: Base - 1.35%, 1st YR - 2.35%; 10YR: Base - 1.40%, 1st YR - 2.40%"
,13,Athene,A+,A,A-,-,72,Max Rate,FPDA,<$100K,N,Yes,0,85,Max issue age for 5 & 7 yr term is  83,,"$10,000","$1,000,000",,,Other,Multi-Year rate multiplied by Accumulated Value,"AK, CA, CT, DE, HI, MN, MO, NV, NY, NJ, OH, OK, OR, PA, SC, TX, UT, WA", ,,1.15%,,1.90%,,2.00%,,,,,
,14,Athene,A+,A,A-,-,72,Max Rate,FPDA,<$100K,N,Yes,0,85,Max issue age for 5 & 7 yr term is  83,,"$10,000","$1,000,000",,,Other,Multi-Year rate multiplied by Accumulated Value,"AL, AR, AZ, CO, FL, GA, IA, ID, IL, IN, KS, KY, LA, MA, MD, ME, MI, MS, MT, NC, ND, NE, NH, NM, NY, RI, SD, TN, VA, VT, WI, WV, WY", ,,1.15%,,1.85%,,1.95%,,,,,
,15,Athene,A+,A,A-,-,72,Max Rate,FPDA,$100K+,N,Yes,0,85,Max issue age for 5 & 7 yr term is  83,,"$10,000","$1,000,000",,,Other,Multi-Year rate multiplied by Accumulated Value,"AK, CA, CT, DE, HI, MN, MO, NV, NY, NJ, OH, OK, OR, PA, SC, TX, UT, WA", ,,1.30%,,2.05%,,2.15%,,,,,
,16,Athene,A+,A,A-,-,72,Max Rate,FPDA,$100K+,N,Yes,0,85,Max issue age for 5 & 7 yr term is  83,,"$10,000","$1,000,000",,,Other,Multi-Year rate multiplied by Accumulated Value,"AL, AR, AZ, CO, FL, GA, IA, ID, IL, IN, KS, KY, LA, MA, MD, ME, MI, MS, MT, NC, ND, NE, NH, NM, NY, RI, SD, TN, VA, VT, WI, WV, WY", ,,1.30%,,2.00%,,2.10%,,,,,
,17,Athene,A+,A,A-,-,72,Max Rate,FPDA,<$100K,N,No,30,85,Max issue age for 5 & 7 yr term is  83,,"$10,000","$1,000,000",,,Other,Rate multiplied by most recent anniv. Value,"AK, AL, AR, AZ, CA, CO, CT, DE, FL, GA, HI, IA, ID, IL, IN, KS, KY, LA, MA, MD, ME, MI, MN, MO, MS, MT, NC, ND, NE, NH, NJ, NM, NV, OH, OK, OR, PA, RI, SC, SD, TN, TX, UT, VA, VT, WA, WI, WV, WY", ,,1.75%,,1.80%,,1.85%,,,,,
,18,Athene,A+,A,A-,-,72,Max Rate,FPDA,$100K+,N,No,30,85,Max issue age for 5 & 7 yr term is  83,,"$10,000","$1,000,000",,,Other,Rate multiplied by most recent anniv. Value,"AK, AL, AR, AZ, CA, CO, CT, DE, FL, GA, HI, IA, ID, IL, IN, KS, KY, LA, MA, MD, ME, MI, MN, MO, MS, MT, NC, ND, NE, NH, NJ, NM, NV, OH, OK, OR, PA, RI, SC, SD, TN, TX, UT, VA, VT, WA, WI, WV, WY", ,,1.75%,,1.80%,,1.85%,,,,,
,19,Delaware Life,A-,BBB+,-,-,54,Pinnacle,SPDA,<$100K,N,,0,85,,,"$10,000","$1,000,000",,10%,10%,After 1st year ,NY, ,,2.10%,,2.40%,,2.70%,,,2.85%,,
,20,Delaware Life,A-,BBB+,-,-,54,Pinnacle,SPDA,$100K+,N,,0,85,,,"$10,000","$1,000,000",,10%,10%,After 1st year ,NY, ,,2.10%,,2.40%,,2.70%,,,2.85%,,
,21,Global Atlantic,A,A-,-,A3,73,SecureFore 3 & 5,SPDA,<$100K,N,No,0,85,,,"$10,000","$1,000,000",Max limited to 500k for ages 81-85,10%,10%,After 1st year ,NY, ,,2.15%,,2.15%,,,,,,,
,22,Global Atlantic,A,A-,-,A3,73,SecureFore 3 & 5,SPDA,$100K+,N,No,0,85,,,"$10,000","$1,000,000",Max limited to 500k for ages 81-85,10%,10%,After 1st year ,NY, ,,2.15%,,2.50%,,,,,,,
,23,Great American,A,A+,-,A2,80,SecureGain 3,SPDA,<$100K,N,Yes,0,89,,,"$10,000","$1,000,000",Max limited to 500k for ages 86-89,10%,10%,,"AK, NY", ,,2.00%,,,,,,,,,
,24,Great American,A,A+,-,A2,80,SecureGain 3,SPDA,<$100K,N,No,0,89,,,"$10,000","$1,000,000",Max limited to 500k for ages 86-89,10%,10%,,"AL, AR, AZ, CA, CO, CT, DE, FL, GA, HI, IA, ID, IL, IN, KS, KY, LA, MA, MD, ME, MI, MN, MO, MS, MT, NC, ND, NE, NH, NJ, NM, NV, NY, OH, OK, OR, PA, RI, SC, SD, TN, TX, UT, VA, VT, WA, WI, WV, WY", ,,1.85%,,,,,,,,,
,25,Great American,A,A+,-,A2,80,SecureGain 3,SPDA,$100K+,N,Yes,0,89,,,"$10,000","$1,000,000",Max limited to 500k for ages 86-89,10%,10%,,"AK, NY", ,,2.25%,,,,,,,,,
,26,Great American,A,A+,-,A2,80,SecureGain 3,SPDA,$100K+,N,No ,0,89,,,"$10,000","$1,000,000",Max limited to 500k for ages 86-89,10%,10%,,"AL, AR, AZ, CA, CO, CT, DE, FL, GA, HI, IA, ID, IL, IN, KS, KY, LA, MA, MD, ME, MI, MN, MO, MS, MT, NC, ND, NE, NH, NJ, NM, NV, NY, OH, OK, OR, PA, RI, SC, SD, TN, TX, UT, VA, VT, WA, WI, WV, WY", ,,2.10%,,,,,,,,,
,27,Great American,A,A+,-,A2,80,SecureGain 5,SPDA,<$100K,N,Yes,0,89,,,"$10,000","$1,000,000",Max limited to 500k for ages 86-89,10%,10%,,"CT, IN, MN, MO, NY, OH, VA", ,,,,2.35%,,,,,,,
,28,Great American,A,A+,-,A2,80,SecureGain 5,SPDA,$100K+,N,Yes,0,89,,,"$10,000","$1,000,000",Max limited to 500k for ages 86-89,10%,10%,,"CT, IN, MN, MO, NY, OH, VA", ,,,,2.50%,,,,,,,
,29,Great American,A,A+,-,A2,80,SecureGain 5,SPDA,<$100K,N,No,0,89,,,"$10,000","$1,000,000",Max limited to 500k for ages 86-89,10%,10%,,"AK, AL, AR, AZ, CA, CO, DE, FL, GA, HI, IA, ID, IL, KS, KY, LA, MA, MD, ME, MI, MS, MT, NC, ND, NE, NH, NJ, NM, NV, NY, OK, OR, PA, RI, SC, SD, TN, TX, UT, VT, WA, WI, WV, WY", ,,,,2.25%,,,,,,,
,30,Great American,A,A+,-,A2,80,SecureGain 5,SPDA,$100K+,N,No ,0,89,,,"$10,000","$1,000,000",Max limited to 500k for ages 86-89,10%,10%,,"AK, AL, AR, AZ, CA, CO, DE, FL, GA, HI, IA, ID, IL, KS, KY, LA, MA, MD, ME, MI, MS, MT, NC, ND, NE, NH, NJ, NM, NV, NY, OK, OR, PA, RI, SC, SD, TN, TX, UT, VT, WA, WI, WV, WY", ,,,,2.35%,,,,,,,
,31,Great American,A,A+,-,A2,80,SecureGain 7,SPDA,<$100K,N,Yes,0,89,,,"$10,000","$1,000,000",Max limited to 500k for ages 86-89,10%,10%,,"CT, IN, MN, MO, NY, OH, VA", ,,,,,,2.44%,,,,,
,32,Great American,A,A+,-,A2,80,SecureGain 7,SPDA,<$100K,N,No,0,89,,,"$10,000","$1,000,000",Max limited to 500k for ages 86-89,10%,10%,,"AK, AL, AR, AZ, CA, CO, DE, FL, GA, HI, IA, ID, IL, KS, KY, LA, MA, MD, ME, MI, MS, MT, NC, ND, NE, NH, NJ, NM, NV, NY, OK, OR, PA, RI, SC, SD, TN, TX, UT, VT, WA, WI, WV, WY", ,,,,,,2.34%,,,,,
,33,Great American,A,A+,-,A2,80,SecureGain 7,SPDA,$100K+,N,Yes,0,89,,,"$10,000","$1,000,000",Max limited to 500k for ages 86-89,10%,10%,,"CT, IN, MN, MO, NY, OH, VA", ,,,,,,2.59%,,,,,
,34,Great American,A,A+,-,A2,80,SecureGain 7,SPDA,$100K+,N,No ,0,89,,,"$10,000","$1,000,000",Max limited to 500k for ages 86-89,10%,10%,,"AK, AL, AR, AZ, CA, CO, DE, FL, GA, HI, IA, ID, IL, KS, KY, LA, MA, MD, ME, MI, MS, MT, NC, ND, NE, NH, NJ, NM, NV, NY, OK, OR, PA, RI, SC, SD, TN, TX, UT, VT, WA, WI, WV, WY", ,,,,,,2.44%,,,,,
,35,Integrity ,A+,AA-,AA,Aa3,96,MultiVantage,SPDA,<$100K,N,Yes,18,89,,,"$20,000","$1,000,000",Max limited to $750K for ages 76-89,,10%,Min: $250 or $100 SW,NY, ,,,1.65%,1.65%,1.69%,,,,1.80%,x,"Annuity provides 1st year bronus, the Guarantee Period and Rates fields leverage effective yields — (4YR: Base - 1.40%, 1st YR - 2.40%; 5YR: Base - 1.45%, 1st YR - 2.45%; 7YR: Base - 1.55%, 1st YR - 2.55%; 10YR: Base - 1.70%, 1st YR - 2.55%"
,36,Integrity ,A+,AA-,AA,Aa3,96,MultiVantage,SPDA,$100K+,N,Yes,18,89,,,"$20,000","$1,000,000",Max limited to $750K for ages 76-89,,10%,Min: $250 or $100 SW,NY, ,,,1.65%,1.65%,1.69%,,,,1.80%,x,"Annuity provides 1st year bronus, the Guarantee Period and Rates fields leverage effective yields — (4YR: Base - 1.40%, 1st YR - 2.40%; 5YR: Base - 1.45%, 1st YR - 2.45%; 7YR: Base - 1.55%, 1st YR - 2.55%; 10YR: Base - 1.70%, 1st YR - 2.55%"
,37,Lincoln,A+,AA-,A+,A1,90,MYGuarantee Plus,SPDA,<$100K,,Yes - Initial rate term,0,85,,,"$10,000","$2,000,000",,,10%,,"AK, MN, MO, NY", ,,,,2.00%,,2.05%,,,2.10%,,
,38,Lincoln,A+,AA-,A+,A1,90,MYGuarantee Plus,SPDA,$100K+,N,Yes - Initial rate term,0,85,,,"$10,000","$2,000,000",,,10%,,"AK, MN, MO, NY", ,,,,2.50%,,2.20%,,,2.30%,,
,39,Lincoln,A+,AA-,A+,A1,90,MYGuarantee Plus,SPDA,<$100K,N,Yes,0,85,,,"$10,000","$2,000,000",,,10%,,"AK, AL, AR, AZ, CA, CO, CT, DE, FL, GA, HI, IA, ID, IL, IN, KS, KY, LA, MA, MD, ME, MI, MN, MO, MS, MT, NC, ND, NE, NH, NJ, NM, NV, OH, OK, OR, PA, RI, SC, SD, TN, TX, UT, VA, VT, WA, WI, WV, WY", ,,,,1.35%,,1.45%,,,1.55%,,
,40,Lincoln,A+,AA-,A+,A1,90,MYGuarantee Plus,SPDA,$100K+,N,Yes,0,85,,,"$10,000","$2,000,000",,,10%,,"AK, AL, AR, AZ, CA, CO, CT, DE, FL, GA, HI, IA, ID, IL, IN, KS, KY, LA, MA, MD, ME, MI, MN, MO, MS, MT, NC, ND, NE, NH, NJ, NM, NV, OH, OK, OR, PA, RI, SC, SD, TN, TX, UT, VA, VT, WA, WI, WV, WY", ,,,,1.50%,,1.60%,,,1.70%,,
,41,Nationwide,A+,A+,-,A1,89,Platinum V Plus,SPDA,<$100K,N,No,0,90,,,"$5,000","$1,000,000",,,10%,,NY, ,,,,1.55%,,,,,,,
,42,Nationwide,A+,A+,-,A1,89,Platinum V Plus,SPDA,$100K+,N,No,0,90,,,"$5,000","$1,000,000",,,10%,,NY, ,,,,1.65%,,,,,,,
,43,Nationwide,A+,A+,-,A1,89,Platinum V Plus,SPDA,<$100K,Y,No,0,90,,,"$5,000","$1,000,000",,,10%,,NY, ,,,,1.30%,,,,,,,
,44,Nationwide,A+,A+,-,A1,89,Platinum V Plus,SPDA,$100K+,Y,No,0,90,,,"$5,000","$1,000,000",,,10%,,NY, ,,,,1.40%,,,,,,,
,45,Nationwide,A+,A+,-,A1,89,Secure Growth 5 Year,SPDA,<$100K,N,Yes,0,90,No maximum age for owner just annulant ,,"$10,000","$1,000,000",,,10%,,"AK, AL, AR, AZ, CO, CT, FL, GA, HI, IA, ID, IL, IN, KS, KY, LA, MA, MD, ME, MI, MN, MO, MS, MT, NC, ND, NE, NH, NJ, NM, NV, NY, OH, OK, OR, PA, RI, SC, SD, TN, TX, UT, VA, VT, WA, WI, WV, WY", ,,,,1.95%,,,,,,,
,46,Nationwide,A+,A+,-,A1,89,Secure Growth 5 Year,SPDA,$100K+,N,Yes,0,90,No maximum age for owner just annulant ,,"$10,000","$1,000,000",,,10%,,"AK, AL, AR, AZ, CO, CT, FL, GA, HI, IA, ID, IL, IN, KS, KY, LA, MA, MD, ME, MI, MN, MO, MS, MT, NC, ND, NE, NH, NJ, NM, NV, NY, OH, OK, OR, PA, RI, SC, SD, TN, TX, UT, VA, VT, WA, WI, WV, WY", ,,,,2.25%,,,,,,,
,47,Nationwide,A+,A+,-,A1,89,Secure Growth 5 Year,SPDA,<$100K,N,Yes,0,90,No maximum age for owner just annulant ,,"$10,000","$1,000,000",,,10%,,"CA, DE, NY", ,,,,2.05%,,,,,,,
,48,Nationwide,A+,A+,-,A1,89,Secure Growth 5 Year,SPDA,$100K+,N,Yes,0,90,No maximum age for owner just annulant ,,"$10,000","$1,000,000",,,10%,,"CA, DE, NY", ,,,,2.40%,,,,,,,
,49,Nationwide,A+,A+,-,A1,89,Secure Growth 5 Year,SPDA,<$100K,Y,Yes,0,90,No maximum age for owner just annulant ,,"$10,000","$1,000,000",,,10%,,"AK, AL, AR, AZ, CO, CT, FL, GA, HI, IA, ID, IL, IN, KS, KY, LA, MA, MD, ME, MI, MN, MO, MS, MT, NC, ND, NE, NH, NJ, NM, NV, NY, OH, OK, OR, PA, RI, SC, SD, TN, TX, UT, VA, VT, WA, WI, WV, WY", ,,,,1.70%,,,,,,,
,50,Nationwide,A+,A+,-,A1,89,Secure Growth 5 Year,SPDA,$100K+,Y,Yes,0,90,No maximum age for owner just annulant ,,"$10,000","$1,000,000",,,10%,,"AK, AL, AR, AZ, CO, CT, FL, GA, HI, IA, ID, IL, IN, KS, KY, LA, MA, MD, ME, MI, MN, MO, MS, MT, NC, ND, NE, NH, NJ, NM, NV, NY, OH, OK, OR, PA, RI, SC, SD, TN, TX, UT, VA, VT, WA, WI, WV, WY", ,,,,1.95%,,,,,,,
,51,Nationwide,A+,A+,-,A1,89,Secure Growth 5 Year,SPDA,<$100K,Y,Yes,0,90,No maximum age for owner just annulant ,,"$10,000","$1,000,000",,,10%,,"CA, DE, NY", ,,,,1.70%,,,,,,,
,52,Nationwide,A+,A+,-,A1,89,Secure Growth 5 Year,SPDA,$100K+,Y,Yes,0,90,No maximum age for owner just annulant ,,"$10,000","$1,000,000",,,10%,,"CA, DE, NY", ,,,,1.95%,,,,,,,
,53,New York Life,A++,AA+,AAA,Aaa,100,Secure Term MVA II,SPDA,$5K-$24K,N,Yes,0,85,Maximum age of 80 in CA,,"$5,000","$1,000,000",,,10%,,, ,,1.55%,1.55%,1.55%,1.55%,1.55%,,,,,BluePrintIncome shows rates that are consistently .05% higher
,54,New York Life,A++,AA+,AAA,Aaa,100,Secure Term MVA II,SPDA,$25K-$49K,N,Yes,0,85,Maximum age of 80 in CA,,"$5,000","$1,000,000",,,10%,,, ,,1.80%,1.80%,1.80%,1.80%,1.80%,,,,,BluePrintIncome shows rates that are consistently .05% higher
,55,New York Life,A++,AA+,AAA,Aaa,100,Secure Term MVA II,SPDA,$50K-$99K,N,Yes,0,85,Maximum age of 80 in CA,,"$5,000","$1,000,000",,,10%,,, ,,2.00%,2.00%,2.00%,2.00%,2.00%,,,,,BluePrintIncome shows rates that are consistently .05% higher
,56,New York Life,A++,AA+,AAA,Aaa,100,Secure Term MVA II,SPDA,$100K+,N,Yes,0,85,Maximum age of 80 in CA,,"$5,000","$1,000,000",,,10%,,, ,,2.25%,2.25%,2.25%,2.25%,2.25%,,,,,BluePrintIncome shows rates that are consistently .05% higher
,57,New York Life,A++,AA+,AAA,Aaa,100,Secure Term Choice II,SPDA,$5K-$24K,N,Yes,0,90,Maximum age of 80 in CA,,"$5,000","$1,000,000","Minimum of $10,000 for Pension Plan",,10%,,, ,,1.40%,1.40%,1.40%,1.40%,1.40%,,,,,
,58,New York Life,A++,AA+,AAA,Aaa,100,Secure Term Choice II,SPDA,$25K-$49K,N,Yes,0,90,Maximum age of 80 in CA,,"$5,000","$1,000,000","Minimum of $10,000 for Pension Plan",,10%,,, ,,1.65%,1.65%,1.65%,1.65%,1.65%,,,,,
,59,New York Life,A++,AA+,AAA,Aaa,100,Secure Term Choice II,SPDA,$50K-$99K,N,Yes,0,90,Maximum age of 80 in CA,,"$5,000","$1,000,000","Minimum of $10,000 for Pension Plan",,10%,,, ,,1.85%,1.85%,1.85%,1.85%,1.85%,,,,,
,60,New York Life,A++,AA+,AAA,Aaa,100,Secure Term Choice II,SPDA,$100K+,N,Yes,0,90,Maximum age of 80 in CA,,"$5,000","$1,000,000","Minimum of $10,000 for Pension Plan",,10%,,, ,,2.10%,2.10%,2.10%,2.10%,2.10%,,,,,
,61,New York Life,A++,AA+,AAA,Aaa,100,Clear Income,SPDA,<$100K,N,No,50,80,,,"$50,000","$1,000,000",,,10%,,NY, ,,,,,,1.25%,,,,,
,62,New York Life,A++,AA+,AAA,Aaa,100,Clear Income,SPDA,$100K+,N,No,50,80,,,"$50,000","$1,000,000",,,10%,,NY, ,,,,,,1.25%,,,,,
,63,New York Life,A++,AA+,AAA,Aaa,100,Clear Income,SPDA,<$100K,N,Yes,50,80,,,"$50,000","$1,000,000",,,10%,,NY, ,,,,,,1.20%,,,,,
,64,New York Life,A++,AA+,AAA,Aaa,100,Clear Income,SPDA,$100K+,N,Yes,50,80,,,"$50,000","$1,000,000",,,10%,,NY, ,,,,,,1.20%,,,,,
,65,North American,A+,A+,-,-,88,Guarantee Choice,SPDA,<$100K,N,Yes,0,90,,,"$10,000","$1,000,000",Premium minimum for qualified plans is $2K,,Other,Interest earned the prior year. Can start in year 1.,"MT, NY", ,,1.60%,,2.00%,,1.80%,,,2.00%,,"DE,FL,CA only 3yr & 5 yr are approved"
,66,North American,A+,A+,-,-,88,Guarantee Choice,SPDA,$100K+,N,Yes,0,90,,,"$10,000","$1,000,000",Premium minimum for qualified plans is $2K,,Other,Interest earned the prior year. Can start in year 1.,"MT, NY", ,,1.95%,,2.30%,,2.05%,,,2.25%,,"DE,FL,CA only 3yr & 5 yr are approved"
,67,Principal,A+,A+,AA-,A1,90,Preferred Series,SPDA - Flexible during first year,<$50K,N,,0,90,,,"$5,000","$2,000,000",,,15%,,, ,,1.85%,1.95%,1.95%,1.95%,1.95%,,,,,BluePrintIncome shows rates that are within .10% 
,68,Principal,A+,A+,AA-,A1,90,Preferred Series,SPDA - Flexible during first year,<$100K,N,,0,90,,,"$5,000","$2,000,000",,,15%,,, ,,2.05%,2.15%,2.20%,2.20%,2.20%,,,,,
,69,Principal,A+,A+,AA-,A1,90,Preferred Series,SPDA - Flexible during first year,$100K+,N,,0,90,,,"$5,000","$2,000,000",,,15%,,, ,,2.20%,2.25%,2.30%,2.30%,2.30%,,,,,
,70,Principal,A+,A+,AA-,A1,90,Preferred Series,SPDA - Flexible during first year,<$50K,Y,,0,90,,,"$5,000","$2,000,000",,,15%,,, ,,1.60%,1.70%,1.75%,1.75%,1.75%,,,,,
,71,Principal,A+,A+,AA-,A1,90,Preferred Series,SPDA - Flexible during first year,<$100K,Y,,0,90,,,"$5,000","$2,000,000",,,15%,,, ,,1.85%,1.95%,2.00%,2.00%,2.00%,,,,,
,72,Principal,A+,A+,AA-,A1,90,Preferred Series,SPDA - Flexible during first year,$100K+,Y,,0,90,,,"$5,000","$2,000,000",,,15%,,, ,,1.95%,2.05%,2.10%,2.10%,2.10%,,,,,
,73,Principal,A+,A+,AA-,A1,90,Select Series,SPDA,<$100K,N,Yes,0,85,,,"$5,000","$2,000,000",3 yr requires minimum of $50K,,10%,,, ,,1.80%,1.90%,,1.90%,,,1.70%,,,BluePrintIncome shows rates that are within .10% 
,74,Principal,A+,A+,AA-,A1,90,Select Series,SPDA,$100K+,N,Yes,0,85,,,"$5,000","$2,000,000",3 yr requires minimum of $50K,,10%,,, ,,2.00%,2.10%,,2.10%,,,1.90%,,,Premium minimum for 3-year is $50K
,75,Protective,A+,AA-,A+,A1,90,Secure Saver,SPDA,<$25K,N,Yes,0,85,,,"$10,000","$1,000,000",,,10%,,NY, ,,,,1.20%,,1.60%,,,,,
,76,Protective,A+,AA-,A+,A1,90,Secure Saver,SPDA,$25K-$75K,N,Yes,0,85,,,"$10,000","$1,000,000",,,10%,,NY, ,,,,2.00%,,2.05%,,,,,
,77,Protective,A+,AA-,A+,A1,90,Secure Saver,SPDA,$75K+,N,Yes,0,85,,,"$10,000","$1,000,000",,,10%,,NY, ,,,,2.10%,,2.15%,,,,,
,78,Sagicor,A-,-,-,-,-,Milestone MYGA,SPDA,$15K-$49K,N,Yes,0,90,Minimum age is 15 days ,,"$15,000","$750,000",,,10%,After 1st year ,"AK, CA, CT, MT, ME, NY, VT", ,,1.05%,,1.70%,,1.95%,,,,,
,79,Sagicor,A-,-,-,-,-,Milestone MYGA,SPDA,$50K-$99K,N,Yes,0,90,Minimum age is 15 days ,,"$15,000","$750,000",,,10%,After 1st year ,"AK, CA, CT, MT, ME, NY, VT", ,,1.65%,,2.20%,,2.45%,,,,,
,80,Sagicor,A-,-,-,-,-,Milestone MYGA,SPDA,$100K+,N,Yes,0,90,Minimum age is 15 days ,,"$15,000","$750,000",,,10%,After 1st year ,"AK, CA, CT, MT, ME, NY, VT", ,,2.35%,,2.80%,,2.75%,,,,,
,81,Sagicor,A-,-,-,-,-,Milestone MYGA,SPDA,$15K-$49K,N,Yes,0,90,Minimum age is 15 days ,,"$15,000","$750,000",,,10%,After 1st year ,"AK, AL, AR, AZ, CO, CT, DE, FL, GA, HI, IA, ID, IL, IN, KS, KY, LA, MA, MD, ME, MI, MN, MO, MS, MT, NC, ND, NE, NH, NJ, NM, NV, NY, OH, OK, OR, PA, RI, SC, SD, TN, TX, UT, VA, VT, WA, WI, WV, WY", ,,1.00%,,1.65%,,1.90%,,,,,
,82,Sagicor,A-,-,-,-,-,Milestone MYGA,SPDA,$50K-$99K,N,Yes,0,90,Minimum age is 15 days ,,"$15,000","$750,000",,,10%,After 1st year ,"AK, AL, AR, AZ, CO, CT, DE, FL, GA, HI, IA, ID, IL, IN, KS, KY, LA, MA, MD, ME, MI, MN, MO, MS, MT, NC, ND, NE, NH, NJ, NM, NV, NY, OH, OK, OR, PA, RI, SC, SD, TN, TX, UT, VA, VT, WA, WI, WV, WY", ,,1.60%,,2.15%,,2.40%,,,,,
,83,Sagicor,A-,-,-,-,-,Milestone MYGA,SPDA,$100K+,N,Yes,0,90,Minimum age is 15 days ,,"$15,000","$750,000",,,10%,After 1st year ,"AK, AL, AR, AZ, CO, CT, DE, FL, GA, HI, IA, ID, IL, IN, KS, KY, LA, MA, MD, ME, MI, MN, MO, MS, MT, NC, ND, NE, NH, NJ, NM, NV, NY, OH, OK, OR, PA, RI, SC, SD, TN, TX, UT, VA, VT, WA, WI, WV, WY", ,,2.30%,,2.75%,,2.70%,,,,,
,84,Securian/Minnesota Life,A+,AA-,AA,Aa3,95,SecureOption Choice,SPDA,<$100K,N,Yes,0,90,,,"$25,000","$2,000,000",,,10%,After 1st year ,"CA, NY", ,,2.15%,,2.15%,,2.25%,,2.35%,,,
,85,Securian/Minnesota Life,A+,AA-,AA,Aa3,95,SecureOption Choice,SPDA,$100K+,N,Yes,0,90,,,"$25,000","$2,000,000",,,10%,After 1st year ,"CA, NY", ,,2.30%,,2.30%,,2.40%,,2.50%,,,
,86,Securian/Minnesota Life,A+,AA-,AA,Aa3,95,SecureOption Choice,SPDA,<$100K,N,No,0,90,,,"$25,000","$2,000,000",,,10%,After 1st year ,"AK, AL, AR, AZ, CO, CT, DE, FL, GA, HI, IA, ID, IL, IN, KS, KY, LA, MA, MD, ME, MI, MN, MO, MS, MT, NC, ND, NE, NH, NJ, NM, NV, NY, OH, OK, OR, PA, RI, SC, SD, TN, TX, UT, VA, VT, WA, WI, WV, WY", ,,2.05%,,2.05%,,2.15%,,2.25%,,,
,87,Securian/Minnesota Life,A+,AA-,AA,Aa3,95,SecureOption Choice,SPDA,$100K+,N,No,0,90,,,"$25,000","$2,000,000",,,10%,After 1st year ,"AK, AL, AR, AZ, CO, CT, DE, FL, GA, HI, IA, ID, IL, IN, KS, KY, LA, MA, MD, ME, MI, MN, MO, MS, MT, NC, ND, NE, NH, NJ, NM, NV, NY, OH, OK, OR, PA, RI, SC, SD, TN, TX, UT, VA, VT, WA, WI, WV, WY", ,,2.20%,,2.20%,,2.30%,,2.40%,,,
,88,Security Mutual,A-,-,-,-,-,SPDA 5 & 5,SPDA,<$25K,N,No,0,85,,,"$15,000","$750,000",,,10%,"5% in 1st year, 10% after 1st year","AL, AZ, AR, CA, DE, DC, MT, ND, SD", ,,,,1.75%,,,,,,,
,89,Security Mutual,A-,-,-,-,-,SPDA 5 & 5,SPDA,$25K+,N,No,0,85,,,"$15,000","$750,000",,,10%,"5% in 1st year, 10% after 1st year","AL, AZ, AR, CA, DE, DC, MT, ND, SD", ,,,,1.75%,,,,,,,
,90,Symetra,A+,A,A+,A1,80,Select,SPDA - Flexible during first year,<$50K,N,,0,85,,,"$10,000","$1,000,000",,,10%,,, ,,,,1.75%,,1.80%,,,,,Premium minimum for 5-yr is $25K
,91,Symetra,A+,A,A+,A1,80,Select,SPDA - Flexible during first year,$50K-$99K,N,,0,85,,,"$10,000","$1,000,000",,,10%,,, ,,,,2.40%,,2.40%,,,,,
,92,Symetra,A+,A,A+,A1,80,Select,SPDA - Flexible during first year,$100K-$249K,N,,0,85,,,"$10,000","$1,000,000",,,10%,,, ,,,,2.40%,,2.45%,,,,,
,93,Symetra,A+,A,A+,A1,80,Select,SPDA - Flexible during first year,$250K+,N,,0,85,,,"$10,000","$1,000,000",,,10%,,, ,,,,2.45%,,2.60%,,,,,
,94,Symetra,A+,A,A+,A1,80,Select,SPDA - Flexible during first year,<$50K,Y,,0,90,,,"$10,000","$1,000,000",,,10%,,, ,,,,1.60%,,1.65%,,,,,"Premium minimum for 5-yr is $25K; Symmetra Brochure shows different rates as of 9/17/19— 
5-Year — $25K-$49K: 1.50%, $50K-$99K: 1.75%, $100K-$249K: 2.00% , $250K+: 2.00%   
7-Year — $10K-$49K: 1.60%, $50K-$99K: 1.80%, $100K-$249K: 2.05% , $250K+: 2.15%   "
,95,Symetra,A+,A,A+,A1,80,Select,SPDA - Flexible during first year,$50K-$99K,Y,,0,90,,,"$10,000","$1,000,000",,,10%,,, ,,,,1.80%,,1.85%,,,,,"Premium minimum for 5-yr is $25K; Symmetra Brochure shows different rates as of 9/17/19— 
5-Year — $25K-$49K: 1.50%, $50K-$99K: 1.75%, $100K-$249K: 2.00% , $250K+: 2.00%   
7-Year — $10K-$49K: 1.60%, $50K-$99K: 1.80%, $100K-$249K: 2.05% , $250K+: 2.15%   "
,96,Symetra,A+,A,A+,A1,80,Select,SPDA - Flexible during first year,$100K-$249K,Y,,0,90,,,"$10,000","$1,000,000",,,10%,,, ,,,,2.15%,,2.20%,,,,,"Premium minimum for 5-yr is $25K; Symmetra Brochure shows different rates as of 9/17/19— 
5-Year — $25K-$49K: 1.50%, $50K-$99K: 1.75%, $100K-$249K: 2.00% , $250K+: 2.00%   
7-Year — $10K-$49K: 1.60%, $50K-$99K: 1.80%, $100K-$249K: 2.05% , $250K+: 2.15%   "
,97,Symetra,A+,A,A+,A1,80,Select,SPDA - Flexible during first year,$250K+,Y,,0,90,,,"$10,000","$1,000,000",,,10%,,, ,,,,2.25%,,2.30%,,,,,"Premium minimum for 5-yr is $25K; Symmetra Brochure shows different rates as of 9/17/19— 
5-Year — $25K-$49K: 1.50%, $50K-$99K: 1.75%, $100K-$249K: 2.00% , $250K+: 2.00%   
7-Year — $10K-$49K: 1.60%, $50K-$99K: 1.80%, $100K-$249K: 2.05% , $250K+: 2.15%   "
,98,The Standard,A,A+,A,A1,81,Focused Growth Annuity,SPDA - Flexible during first year,<$100K,N,Yes,0,93,"Issue age varies by term length — 3 or 5 yr: 0-93, 7 yr: 0-90, 10 yr: 0-80)",,"$15,000","$1,000,000",,,Other,Interest only ,NY, ,,2.05%,,2.35%,,2.40%,,,2.40%,,3 and 10 yr terms are unavailable in CA
,99,The Standard,A,A+,A,A1,81,Focused Growth Annuity,SPDA - Flexible during first year,$100K+,N,Yes,0,93,"Issue age varies by term length — 3 or 5 yr: 0-93, 7 yr: 0-90, 10 yr: 0-80)",,"$15,000","$1,000,000",,,Other,Interest only ,NY, ,,2.15%,,2.45%,,2.50%,,,2.50%,,3 and 10 yr terms are unavailable in CA
,100,United of Omaha,A+,AA-,-,A1,93,Ultra-Premier,SPDA - Flexible during first year,<$100K,N,Yes,0,89,Max issue age for 7 yr term is  88,,"$25,000","$3,000,000",,,10%,,"CA, MT, NY", ,,,,2.35%,,2.50%,,,,,
,101,United of Omaha,A+,AA-,-,A1,93,Ultra-Premier,SPDA - Flexible during first year,$100K+,N,Yes,0,89,Max issue age for 7 yr term is  88,,"$25,000","$3,000,000",,,10%,,"CA, MT, NY", ,,,,2.35%,,2.50%,,,,,
,102,United of Omaha,A+,AA-,-,A1,93,Ultra Secure Plus,SPDA - Flexible during first year,<$50K,N,Yes,0,89,,,"$5,000","$1,000,000",,,10%,,"MT, NY", ,,,,1.65%,,1.80%,,,,,
,103,United of Omaha,A+,AA-,-,A1,93,Ultra Secure Plus,SPDA - Flexible during first year,$50K+,N,Yes,0,89,,,"$5,000","$1,000,000",,,10%,,"MT, NY", ,,,,1.90%,,2.05%,,,,,